[{
  "_id": {
    "$oid": "67ca93d4bca9767081b7124c"
  },
  "topic": "Intro to Machine Learning",
  "hostedBy": {
    "$oid": "67ca93d4bca9767081b71247"
  },
  "date": {
    "$date": "2025-03-10T00:00:00.000Z"
  },
  "time": "15:00",
  "duration": "2 hours",
  "categoryId": {
    "$oid": "67ca93d4bca9767081b71248"
  },
  "moduleId": {
    "$oid": "67ca93d4bca9767081b71249"
  },
  "participants": [
    {
      "$oid": "67ca93d4bca9767081b7124a"
    },
    {
      "$oid": "67ca93d4bca9767081b7124b"
    }
  ]
}]