[{
  "_id": {
    "$oid": "67ca93a2bca9767081b71237"
  },
  "fullName": "John Doe",
  "email": "john@example.com",
  "password": "hashed_password",
  "gender": "Male",
  "university": "XYZ University",
  "graduationDate": {
    "$date": "2025-06-30T00:00:00.000Z"
  },
  "studyProgram": "Computer Science",
  "xp": 200,
  "achievements": [
    {
      "achievementId": {
        "$oid": "67ca93a2bca9767081b71236"
      },
      "dateEarned": {
        "$date": "2025-02-15T00:00:00.000Z"
      }
    }
  ],
  "is_active": true,
  "profile_image": null
},
{
  "_id": {
    "$oid": "67cd4ab9531004ecaa0a9ad2"
  },
  "email": "haha@gmail.com",
  "password": "$2y$10$v2q/RcEn1.jF8lay5MiERe5fFLOw/qJN9kCIxQjzSluJgMq2npsTG",
  "xp": 230,
  "achievements": [],
  "created_at": {
    "$date": "2025-03-09T08:00:57.683Z"
  },
  "is_active": true,
  "profile_image": null
},
{
  "_id": {
    "$oid": "67ce7874181ff906e807baa8"
  },
  "email": "baba@gmail.com",
  "password": "$2y$10$XSd52B8lJZpR4KgEUOki4.j5T3aoazzzXk3iqrfB8Qcwy89a9rBwe",
  "xp": 0,
  "achievements": [],
  "created_at": {
    "$date": "2025-03-10T05:28:20.398Z"
  },
  "gender": "female",
  "graduationDate": {
    "$date": "2025-03-14T23:00:00.000Z"
  },
  "studyProgram": "computer science",
  "university": "plymouth",
  "is_active": true,
  "profile_image": null
},
{
  "_id": {
    "$oid": "67ce8d904d248dbfee040884"
  },
  "email": "jaja@gmail.com",
  "password": "$2y$10$.4o5aX18LDNSoa880mYpfuIG2rS6FEbNIZaf8QbLLfj4tNwrT5mfC",
  "xp": 0,
  "achievements": [],
  "created_at": {
    "$date": "2025-03-10T06:58:24.695Z"
  },
  "gender": "female",
  "graduationDate": {
    "$date": "2025-03-28T23:00:00.000Z"
  },
  "studyProgram": "computer science",
  "university": "NSBM",
  "is_active": true,
  "profile_image": null
},
{
  "_id": {
    "$oid": "67ce9aaf4d248dbfee040885"
  },
  "email": "ruchi@gmail.com",
  "password": "$2y$10$p4dXCOJqGBzR3.sWe4JeZOBE5Kcqfix7q9kSCigqQ1xIQp9.QJL5K",
  "xp": 0,
  "achievements": [],
  "created_at": {
    "$date": "2025-03-10T07:54:23.468Z"
  },
  "fullName": "ruchi ilangasinga",
  "gender": "not_prefer",
  "graduationDate": {
    "$date": "2025-03-09T23:00:00.000Z"
  },
  "studyProgram": "computer science",
  "university": "pitipana",
  "is_active": false,
  "profile_image": null
},
{
  "_id": {
    "$oid": "67d12cfeef5f43445f0be526"
  },
  "email": "sara@gmail.com",
  "password": "$2y$10$95kX5PBxZfeO5Sx1qM4Fwe4nX89H/eTb7UfT8HQuz7YvFNsvPoRmW",
  "xp": 0,
  "achievements": [],
  "created_at": {
    "$date": "2025-03-12T06:43:10.434Z"
  },
  "fullName": "kamala gunathilaka",
  "gender": "not_prefer",
  "graduationDate": {
    "$date": "2027-07-06T22:00:00.000Z"
  },
  "studyProgram": "engineering",
  "university": "NSBM",
  "profile_image": null
},
{
  "_id": {
    "$oid": "67d139b1ef5f43445f0be52b"
  },
  "email": "mahara25@gmail.com",
  "password": "$2y$10$m/h5qCsf.jeIAOksNPTIqOjmMsp7arzpC9/ZJ2o4SU/pCj/lvTQ7O",
  "xp": 0,
  "achievements": [],
  "created_at": {
    "$date": "2025-03-12T07:37:21.916Z"
  },
  "fullName": "Dulni Mahara",
  "gender": "female",
  "graduationDate": {
    "$date": "2025-03-13T23:00:00.000Z"
  },
  "studyProgram": "computer science",
  "university": "NSBM",
  "profile_image": "uploads/profile_pictures/sample.jpg"
},
{
  "_id": {
    "$oid": "67d263ee46e770877c09cce9"
  },
  "email": "rahul@gmail.com",
  "password": "$2y$10$39osAlzL2k1hzPBdAKnvIetAnoWEPYdpuD.3jj5DUffk4H.qQKcka",
  "xp": 0,
  "achievements": [],
  "created_at": {
    "$date": "2025-03-13T04:49:50.605Z"
  },
  "profile_image": "uploads/profile_pictures/profile_67d26567d89e43.81073532.jpg",
  "fullName": "Rahul Jay",
  "gender": "male",
  "graduationDate": {
    "$date": "2025-03-05T23:00:00.000Z"
  },
  "studyProgram": "Software Engineering",
  "university": "University of Plymouth"
},
{
  "_id": {
    "$oid": "67d65f315adc1331040ae872"
  },
  "email": "mahara25@gmail.cm",
  "password": "$2y$10$s7TlGnVDWSETryv5yJNtNO6NSgQ.vg2LqoemaJBgCRPboFaWbrdTi",
  "xp": 0,
  "achievements": [],
  "created_at": {
    "$date": "2025-03-16T05:18:41.338Z"
  },
  "profile_image": "uploads/profile_pictures/default.png"
},
{
  "_id": {
    "$oid": "67d6e1280ea54a5b060f3c32"
  },
  "email": "kamalathilo@gmail.com",
  "google_id": "109915317955867444800",
  "xp": 0,
  "achievements": [],
  "created_at": {
    "$date": "2025-03-16T14:33:12.973Z"
  },
  "profile_image": "https://lh3.googleusercontent.com/a/ACg8ocIj3o2imtPrGbxXz8B_4NfNZCAsRc-gNbQ1YW32D0N0Z37ceA=s96-c"
},
{
  "_id": {
    "$oid": "67d7db440f1cf2dac205df92"
  },
  "email": "ruchirailangasinha2001@gmail.com",
  "google_id": "109863540841991171169",
  "xp": 0,
  "achievements": [],
  "created_at": {
    "$date": "2025-03-17T08:20:20.898Z"
  },
  "profile_image": "https://lh3.googleusercontent.com/a/ACg8ocJIjND-kF5aFEXrNfcdYXBSZFt8iFWHhjmHpHwRxjZ0_xPT0A=s96-c"
},
{
  "_id": {
    "$oid": "67d7e4ad72507509680f4a16"
  },
  "email": "hh@gmail.com",
  "password": "$2y$10$nSleeUXPSh33l26d5vwlKuiv5DdTyGE70ZM3Ex.8SFLn5sJbdkFRW",
  "xp": 0,
  "achievements": [],
  "created_at": {
    "$date": "2025-03-17T09:00:29.095Z"
  },
  "profile_image": "uploads/profile_pictures/default.png"
},
{
  "_id": {
    "$oid": "67da574344afefec960f5278"
  },
  "email": "saralibalasinghe@gmail.com",
  "google_id": "117097400977321958473",
  "xp": 0,
  "achievements": [],
  "created_at": {
    "$date": "2025-03-19T05:33:55.056Z"
  },
  "profile_image": "https://lh3.googleusercontent.com/a/ACg8ocJmRTjDx1VwC9Wo_qYcFIJ4mEIC3KUsdKDyxXYlijpjATcIkxs=s96-c",
  "uni": null,
  "study_program": null,
  "gender": null
},
{
  "_id": {
    "$oid": "67da586644afefec960f5279"
  },
  "email": "malith@gmail.com",
  "password": "$2y$10$tZd6/o3cIiq.Ny5ZfOOLdOHUw5cbC2H8eeOHJTKAiMsPie4r5RuRW",
  "xp": 10,
  "achievements": [],
  "created_at": {
    "$date": "2025-03-19T05:38:46.913Z"
  },
  "profile_image": "uploads/profile_pictures/profile_67dd30a2c1b319.09640506.jpg",
  "fullName": "Malith Ashen",
  "gender": "male",
  "graduationDate": {
    "$date": "2025-03-18T23:00:00.000Z"
  },
  "studyProgram": "Software Engineering",
  "university": "NSBM"
},
{
  "_id": {
    "$oid": "67e658ebfee7026ac507c492"
  },
  "email": "bbb@gmail.com",
  "password": "$2y$10$NjZrtqQXGoMk9U.V09sIzOnKVr/o1IX9/24XRxNFPrjWuRPWOoEsi",
  "xp": 0,
  "achievements": [],
  "created_at": {
    "$date": "2025-03-28T08:08:11.692Z"
  },
  "profile_image": "uploads/profile_pictures/default.png"
},
{
  "_id": {
    "$oid": "67f20c4cdbe1051bff07089a"
  },
  "email": "mee@gmail.com",
  "password": "$2y$10$C0whs6zEDfxhPyNCDYhEwOhqv3HZJq5wHUiYd1dU6gNjJYTV5Hy8q",
  "xp": 0,
  "achievements": [],
  "created_at": {
    "$date": "2025-04-06T05:08:28.963Z"
  },
  "profile_image": "uploads/profile_pictures/default.png",
  "fullName": "me",
  "gender": "female",
  "graduationDate": {
    "$date": "2025-04-23T22:00:00.000Z"
  },
  "studyProgram": "computer science",
  "university": "NSBM"
},
{
  "_id": {
    "$oid": "67f20ce2dbe1051bff07089b"
  },
  "email": "kaka@gmail.com",
  "password": "$2y$10$jUK6.Mgl9YtrrjH28JxltecOVdav1yZGhn9x7kpzHEfSaQaZPlDCS",
  "xp": 0,
  "achievements": [],
  "created_at": {
    "$date": "2025-04-06T05:10:58.953Z"
  },
  "profile_image": "uploads/profile_pictures/default.png",
  "fullName": "kamala",
  "gender": "not_prefer",
  "graduationDate": {
    "$date": "2025-04-05T22:00:00.000Z"
  },
  "studyProgram": "computer science",
  "university": "NSBM"
},
{
  "_id": {
    "$oid": "67f384c32eddb4cb4d0f0e88"
  },
  "email": "rahul2@gmail.com",
  "password": "$2y$10$vXUBNTp2L9q7oFaBr0scbOFD0o4fU/6PkjUxpfCImhIq7IIjX2ujS",
  "xp": 10,
  "achievements": [],
  "created_at": {
    "$date": "2025-04-07T07:54:43.505Z"
  },
  "profile_image": "uploads/profile_pictures/default.png",
  "fullName": "rahul jay",
  "gender": "male",
  "graduationDate": {
    "$date": "2025-04-06T22:00:00.000Z"
  },
  "studyProgram": "computer science",
  "university": "NSBM"
}]