[{
  "_id": {
    "$oid": "67ca93bcbca9767081b7123d"
  },
  "title": "Graph Algorithms",
  "description": "Notes on Graph Traversal techniques",
  "language": "English",
  "documentType": "PDF",
  "filePath": "/uploads/graph-algorithms.pdf",
  "uploadDate": {
    "$date": "2025-02-10T00:00:00.000Z"
  },
  "userId": {
    "$oid": "67ca93bcbca9767081b7123b"
  },
  "moduleId": {
    "$oid": "67ca93bcbca9767081b7123c"
  }
},
{
  "_id": {
    "$oid": "67f22764f47dd17f830dff74"
  },
  "email": "malith@gmail.com",
  "file_name": "AgroLink-er details.pdf",
  "file_path": "../../uploads/notes/1743923044_AgroLink_er_details.pdf",
  "moduleId": "67da5067bac73959851ca92d",
  "doc_type": "images",
  "language": "english",
  "title": "test",
  "description": "test123",
  "created_at": {
    "$date": "2025-04-06T07:04:04.293Z"
  }
},
{
  "_id": {
    "$oid": "67f385922eddb4cb4d0f0e89"
  },
  "email": "rahul2@gmail.com",
  "file_name": "Software Development Tools and Practices.docx",
  "file_path": "../../uploads/notes/1744012690_Software_Development_Tools_and_Practices.docx",
  "moduleId": "67da5067bac73959851ca92b",
  "doc_type": "PDF",
  "language": "english",
  "title": "test1",
  "description": "test123",
  "created_at": {
    "$date": "2025-04-07T07:58:10.898Z"
  }
}]