[{
  "_id": {
    "$oid": "67da5067bac73959851ca92b"
  },
  "moduleName": "Data Structures",
  "categoryId": {
    "$oid": "67dcc28a694643b460d89285"
  }
},
{
  "_id": {
    "$oid": "67da5067bac73959851ca92c"
  },
  "moduleName": "Database Management",
  "categoryId": {
    "$oid": "67dcc28a694643b460d89285"
  }
},
{
  "_id": {
    "$oid": "67da5067bac73959851ca92d"
  },
  "moduleName": "Software Engineering",
  "categoryId": {
    "$oid": "67dcc28a694643b460d89285"
  }
},
{
  "_id": {
    "$oid": "67da5067bac73959851ca92e"
  },
  "moduleName": "Business Analytics",
  "categoryId": {
    "$oid": "67dcc28a694643b460d89286"
  }
},
{
  "_id": {
    "$oid": "67da5067bac73959851ca92f"
  },
  "moduleName": "Marketing Strategies",
  "categoryId": {
    "$oid": "67dcc28a694643b460d89286"
  }
},
{
  "_id": {
    "$oid": "67da5067bac73959851ca930"
  },
  "moduleName": "Entrepreneurship",
  "categoryId": {
    "$oid": "67dcc28a694643b460d89286"
  }
},
{
  "_id": {
    "$oid": "67da5067bac73959851ca931"
  },
  "moduleName": "Physics",
  "categoryId": {
    "$oid": "67dcc28a694643b460d89287"
  }
},
{
  "_id": {
    "$oid": "67da5067bac73959851ca932"
  },
  "moduleName": "Chemistry",
  "categoryId": {
    "$oid": "67dcc28a694643b460d89287"
  }
},
{
  "_id": {
    "$oid": "67da5067bac73959851ca933"
  },
  "moduleName": "Biology",
  "categoryId": {
    "$oid": "67dcc28a694643b460d89287"
  }
},
{
  "_id": {
    "$oid": "67dce252c3e4a34c9dc28370"
  },
  "moduleName": "Introduction to Computer Science",
  "categoryId": {
    "$oid": "67dcc28a694643b460d89285"
  }
},
{
  "_id": {
    "$oid": "67dce252c3e4a34c9dc28371"
  },
  "moduleName": "Programming in C",
  "categoryId": {
    "$oid": "67dcc28a694643b460d89285"
  }
},
{
  "_id": {
    "$oid": "67dce252c3e4a34c9dc28372"
  },
  "moduleName": "Computer Networks",
  "categoryId": {
    "$oid": "67dcc28a694643b460d89285"
  }
},
{
  "_id": {
    "$oid": "67dce252c3e4a34c9dc28373"
  },
  "moduleName": "Mobile Application Development",
  "categoryId": {
    "$oid": "67dcc28a694643b460d89285"
  }
},
{
  "_id": {
    "$oid": "67dce252c3e4a34c9dc28374"
  },
  "moduleName": "Algorithms and Data Structures",
  "categoryId": {
    "$oid": "67dcc28a694643b460d89285"
  }
},
{
  "_id": {
    "$oid": "67dce252c3e4a34c9dc28375"
  },
  "moduleName": "Business Management",
  "categoryId": {
    "$oid": "67dcc28a694643b460d89286"
  }
},
{
  "_id": {
    "$oid": "67dce252c3e4a34c9dc28376"
  },
  "moduleName": "Entrepreneurship",
  "categoryId": {
    "$oid": "67dcc28a694643b460d89286"
  }
},
{
  "_id": {
    "$oid": "67dce252c3e4a34c9dc28377"
  },
  "moduleName": "Marketing Strategies",
  "categoryId": {
    "$oid": "67dcc28a694643b460d89286"
  }
},
{
  "_id": {
    "$oid": "67dce252c3e4a34c9dc28378"
  },
  "moduleName": "Financial Accounting",
  "categoryId": {
    "$oid": "67dcc28a694643b460d89286"
  }
},
{
  "_id": {
    "$oid": "67dce252c3e4a34c9dc28379"
  },
  "moduleName": "Human Resource Management",
  "categoryId": {
    "$oid": "67dcc28a694643b460d89286"
  }
},
{
  "_id": {
    "$oid": "67dce252c3e4a34c9dc2837a"
  },
  "moduleName": "Data Science",
  "categoryId": {
    "$oid": "67dcc28a694643b460d89287"
  }
},
{
  "_id": {
    "$oid": "67dce252c3e4a34c9dc2837b"
  },
  "moduleName": "Quantum Physics",
  "categoryId": {
    "$oid": "67dcc28a694643b460d89287"
  }
},
{
  "_id": {
    "$oid": "67dce252c3e4a34c9dc2837c"
  },
  "moduleName": "Genetics and Biotechnology",
  "categoryId": {
    "$oid": "67dcc28a694643b460d89287"
  }
},
{
  "_id": {
    "$oid": "67dce252c3e4a34c9dc2837d"
  },
  "moduleName": "Environmental Science",
  "categoryId": {
    "$oid": "67dcc28a694643b460d89287"
  }
},
{
  "_id": {
    "$oid": "67dce252c3e4a34c9dc2837e"
  },
  "moduleName": "Artificial Intelligence in Science",
  "categoryId": {
    "$oid": "67dcc28a694643b460d89287"
  }
}]