[{
  "_id": {
    "$oid": "67dd3d69cc5d542e6800316f"
  },
  "content": "What is the best way to learn Recursion?",
  "postType": "Question",
  "postDate": {
    "$date": "2025-02-15T00:00:00.000Z"
  },
  "userId": {
    "$oid": "67ca93c2bca9767081b7123e"
  },
  "moduleId": {
    "$oid": "67da5067bac73959851ca92b"
  }
},
{
  "_id": {
    "$oid": "67dd3d69cc5d542e68003170"
  },
  "content": "Can someone explain pointers in C?",
  "postType": "Discussion",
  "postDate": {
    "$date": "2025-02-18T00:00:00.000Z"
  },
  "userId": {
    "$oid": "67ca93c2bca9767081b7123e"
  },
  "moduleId": {
    "$oid": "67da5067bac73959851ca92b"
  }
}]